{
    "optimization_goal": "forward",
    "s_curve_params": {
        "Audio": {
            "L": 149116.54122435924,
            "alpha": 0.5000000000118635,
            "theta": 17310.269440015323
        },
        "Display": {
            "L": 157166.1769628528,
            "alpha": 0.5000000000106651,
            "theta": 26233.653791977737
        },
        "GSTV": {
            "L": 100257.85747922737,
            "alpha": 2.999999999999673,
            "theta": 23239.207810432916
        },
        "OOH": {
            "L": 97099.5483760569,
            "alpha": 0.5000000000000001,
            "theta": 449169.9348883522
        },
        "Search": {
            "L": 313740.0150001232,
            "alpha": 1.248790555796709,
            "theta": 13162.887517967894
        },
        "Video": {
            "L": 109630.22343509836,
            "alpha": 0.5000000000000006,
            "theta": 14361.890903261978
        }
    },
    "proportion": {
        "Audio": [
            0.0,
            0.0,
            0.0,
            0.0,
            0.0,
            0.0,
            0.0,
            0.0,
            0.0,
            0.0,
            0.0,
            0.0,
            0.0,
            0.0,
            0.0,
            0.0,
            0.0,
            0.0,
            0.0,
            0.0,
            0.0,
            0.0,
            0.0,
            0.0,
            0.0,
            0.0,
            0.0,
            0.0,
            0.048729765015341785,
            0.03883618591931435,
            0.06967929008386449,
            0.03431099675361451,
            0.034020946635722187,
            0.03236734013879266,
            0.0749282016005081,
            0.05883040168497029,
            0.05798987045801261,
            0.0623281542570324,
            0.06746835218052163,
            0.028959696378376778,
            0.04000861883321705,
            0.033765186918694796,
            0.03399196486512344,
            0.0349855444130764,
            0.03359134192485808,
            0.03410781771764856,
            0.03456196551308019,
            0.03264354413089829,
            0.03594904639235051,
            0.025384786386542242,
            0.026500253512513942,
            0.026060728285924813
        ],
        "Display": [
            0.02299104568455614,
            0.02995368873910359,
            0.02918416777581063,
            0.02562765260521751,
            0.040321840097800994,
            0.03157576043157268,
            0.02968623651882593,
            0.02986838089412686,
            0.02373703380198628,
            0.019326354616790137,
            0.022775078464903904,
            0.027427607062244275,
            0.02698672710882801,
            0.01956712600282347,
            0.032669374451453737,
            0.03648556813336199,
            0.036231996746504944,
            0.020479296725277985,
            0.014648146990166649,
            0.014879130584225684,
            0.021569808325093802,
            0.017396393287870224,
            0.009576311168354805,
            0.00975313215373381,
            0.009447551273990181,
            0.009028200328459164,
            0.0041956303974184555,
            0.012397859768558357,
            0.02117152363776877,
            0.02308551765523054,
            0.024262336281962126,
            0.024153616142942834,
            0.028298982720865482,
            0.02283040130443841,
            0.020198243905610508,
            0.018786951409585664,
            0.016504629274834065,
            0.018597948891363267,
            0.009802344774398463,
            0.019759926839323077,
            0.009169408914474089,
            0.016837249974212255,
            0.017036694685187176,
            0.010888330468417407,
            0.009402765647192791,
            0.018906734934205208,
            0.007842869963137648,
            0.0021119791655349234,
            0.0015687101337789615,
            0.004488872061157842,
            0.01074500442779139,
            0.01576185664752694
        ],
        "GSTV": [
            0.016129768783483437,
            0.017007069779890027,
            0.019199378147130044,
            0.019199378147130044,
            0.019199378147130044,
            0.019199378147130044,
            0.019199378147130044,
            0.019199378147130044,
            0.019199378147130044,
            0.019199378147130044,
            0.019199378147130044,
            0.019199378147130044,
            0.019199378147130044,
            0.01919918582557622,
            0.019199378147130044,
            0.019199378147130044,
            0.019199378147130044,
            0.019199378147130044,
            0.019199378147130044,
            0.019199378147130044,
            0.019199378147130044,
            0.019199378147130044,
            0.019199378147130044,
            0.019199378147130044,
            0.019199378147130044,
            0.019199378147130044,
            0.01317395093567986,
            0.019021822447119086,
            0.02073484783673617,
            0.022259534651139928,
            0.019575391191567617,
            0.018476311975775768,
            0.01853907996129722,
            0.020359118833108442,
            0.021148306482793037,
            0.020864262933519697,
            0.020161404582146207,
            0.02122060015487538,
            0.01914112335338702,
            0.019255577645732925,
            0.019771245668171806,
            0.01954327923756239,
            0.017956003296682236,
            0.019797537947218082,
            0.020810659044528414,
            0.01907221259308084,
            0.018530061979475144,
            0.01870798634177963,
            0.019356009970957606,
            0.017164865506345706,
            0.02013162356460404,
            0.02130546009177503
        ],
        "OOH": [
            0.0,
            0.0,
            0.0,
            0.0,
            0.0,
            0.0,
            0.0,
            0.0,
            0.0,
            0.0,
            0.0,
            0.0,
            0.0,
            0.0,
            0.0,
            0.0,
            0.0,
            0.0,
            0.0,
            0.026162135464916622,
            0.09573393806846674,
            0.019864432836163647,
            0.01093200833146096,
            0.01093200833146096,
            0.0,
            0.0,
            0.02593746255438902,
            0.04471089964698738,
            0.044643313717317994,
            0.05444539567079441,
            0.04111538399918137,
            0.06982275330511174,
            0.05871600481389325,
            0.055993417973396874,
            0.0331074803960649,
            0.05907142810292734,
            0.046384048171563885,
            0.03586859928810115,
            0.04294825900058736,
            1.4732926112227442e-06,
            1.4732926112227442e-06,
            0.0,
            1.0749411132590094e-06,
            0.05755065104721144,
            0.012037327384615723,
            0.07643018188902362,
            0.061394066945565415,
            0.008273799651711627,
            0.004474161969165552,
            0.0034468199135854706,
            0.0,
            0.0
        ],